{"Moving Average": 63.94125, "Standard Deviation": 1.2908276172673097, "Cumulative Reward": 1023, "average_return": 63.9375, "Exploration Rate": 0.006720488972162898, "Learning Rate": 0.01, "Q-value Mean": 31.985049939340186, "reward_mean": 63.45, "TD Error Mean": 1.5962263332087376, "_timestamp": 1722419932.5299897, "_runtime": 64.03656482696533, "_step": 4900, "_wandb": {"runtime": 86}}