{"Moving Average": 28.5375, "Standard Deviation": 1.8500422292477543, "Cumulative Reward": 448, "average_return": 28.0, "Exploration Rate": 0.006720488972162898, "Learning Rate": 0.01, "Q-value Mean": 16.38432741566721, "reward_mean": 28.61, "TD Error Mean": 1.1594979926910611, "_timestamp": 1722419928.0158923, "_runtime": 51.66305732727051, "_step": 4900, "_wandb": {"runtime": 85}}