{"Moving Average": 2.21625, "Standard Deviation": 0.8524056032781577, "Cumulative Reward": 23, "average_return": 1.4375, "Exploration Rate": 0.006720488972162898, "Learning Rate": 0.01, "Q-value Mean": -7.368301767665115, "reward_mean": 2.35, "TD Error Mean": 0.5997045264291332, "_timestamp": 1722419932.6496663, "_runtime": 56.30666923522949, "_step": 4900, "_wandb": {"runtime": 85}}