{"Moving Average": 19.12375, "Standard Deviation": 2.069306571656312, "Cumulative Reward": 305, "average_return": 19.0625, "Exploration Rate": 0.006720488972162898, "Learning Rate": 0.01, "Q-value Mean": 8.827468125218967, "reward_mean": 19.21, "TD Error Mean": 1.262655489429244, "_timestamp": 1722419961.8226573, "_runtime": 84.27222323417664, "_step": 4900, "_wandb": {"runtime": 78}}