{"Moving Average": 5.749375, "Standard Deviation": 1.1695182969389575, "Cumulative Reward": 91, "average_return": 5.6875, "Exploration Rate": 0.006720488972162898, "Learning Rate": 0.01, "Q-value Mean": -2.9448318215894544, "reward_mean": 6.22, "TD Error Mean": 0.9058639500333553, "_timestamp": 1722419931.4878771, "_runtime": 54.79449224472046, "_step": 4900, "_wandb": {"runtime": 85}}