{"Moving Average": 46.209375, "Standard Deviation": 1.519029681038195, "Cumulative Reward": 734, "average_return": 45.875, "Exploration Rate": 0.006720488972162898, "Learning Rate": 0.01, "Q-value Mean": 24.149535896226606, "reward_mean": 46.0, "TD Error Mean": 1.3595210201856032, "_timestamp": 1722419932.9142103, "_runtime": 56.2086443901062, "_step": 4900, "_wandb": {"runtime": 85}}