{"Moving Average": 81.64375, "Standard Deviation": 1.241864148165974, "Cumulative Reward": 1309, "average_return": 81.8125, "Exploration Rate": 0.006720488972162898, "Learning Rate": 0.01, "Q-value Mean": 39.7725712500974, "reward_mean": 80.84, "TD Error Mean": 1.8970242670833801, "_timestamp": 1722419993.6356912, "_runtime": 8.163968086242676, "_step": 4900, "_wandb": {"runtime": 8}}