Metric,Q-Learning,DQN
Time Complexity,11.132750034332275,0.0063519477844238
Space Complexity,2400.0,33795.0
Steps,15.0,16.0
