{"Moving Average": 11.28, "Standard Deviation": 1.6197627141035196, "Cumulative Reward": 179, "average_return": 11.1875, "Exploration Rate": 0.006720488972162898, "Learning Rate": 0.01, "Q-value Mean": 2.2547169117151857, "reward_mean": 11.29, "TD Error Mean": 1.0653436358203943, "_timestamp": 1722419937.59287, "_runtime": 60.97349309921265, "_step": 4900, "_wandb": {"runtime": 85}}